<configuration>


	<profile>
		<path>/Users/work/eclipse-workspace/profile_uploader/config/publisher_test.csv</path>
		<keys>
			<key_field>data_src</key_field>
			<key_field>acd</key_field>
			<key_field>skill</key_field>
			<key_field>skill_name</key_field>
		</keys>
	</profile>



<!-- 
	<profile>
	
		<path>/Users/work/eclipse-workspace/profile_uploader/config/profile_config_region_dev.csv</path>
		
		<keys>
			<key_field>data_src</key_field>
			<key_field>acd</key_field>
			<key_field>profile_key</key_field>
			<key_field>profile_attribute</key_field>
			<key_field>profile_id</key_field>
		</keys>
		
	</profile>
	
	
	

	<profile>
	
		<path>/usr/local/eclipse_workspace/profile_uploader/config/profile_config_region.csv</path>
		
		<keys>
			<key_field>data_src</key_field>
			<key_field>acd</key_field>
			<key_field>profile_key</key_field>
			<key_field>profile_attribute</key_field>
			<key_field>profile_id</key_field>
		</keys>
		
	</profile>
		
		
	<profile>
	
		<path>/usr/local/eclipse_workspace/profile_uploader/config/profile_config_team.csv</path>
		
		<keys>
			<key_field>data_src</key_field>
			<key_field>acd</key_field>
			<key_field>profile_key</key_field>
			<key_field>profile_attribute</key_field>
			<key_field>profile_id</key_field>
		</keys>
		
	</profile>
	
	<profile>
	
		<path>/usr/local/eclipse_workspace/profile_uploader/config/profile_config_agent.csv</path>
		
		<keys>
			<key_field>data_src</key_field>
			<key_field>acd</key_field>
			<key_field>profile_key</key_field>
			<key_field>profile_attribute</key_field>
			<key_field>profile_id</key_field>
		</keys>
		
	</profile>
	
	<profile>
	
		<path>/usr/local/eclipse_workspace/profile_uploader/config/profile_config_skill.csv</path>
		
		<keys>
			<key_field>data_src</key_field>
			<key_field>acd</key_field>
			<key_field>profile_key</key_field>
			<key_field>profile_attribute</key_field>
			<key_field>profile_id</key_field>
		</keys>
		
	</profile>
	
	 -->
</configuration>
