data_src,acd,profile_key,profile_attribute,profile_id,profile_value
cms_src,1,skill,region_name,101,CZ
cms_src,1,skill,region_name,102,CZ
cms_src,1,skill,region_name,103,CZ
cms_src,1,skill,region_name,104,CZ
cms_src,1,skill,region_name,105,CZ
cms_src,1,skill,region_name,106,AT
cms_src,1,skill,region_name,107,AT
cms_src,1,skill,region_name,108,AT
cms_src,1,skill,region_name,109,AT
cms_src,1,skill,region_name,110,AT
cms_src,1,skill,region_name,111,HU
cms_src,1,skill,region_name,112,HU
cms_src,1,skill,region_name,113,HU
cms_src,1,skill,region_name,114,HU
cms_src,1,skill,region_name,115,HU
cms_src,1,skill,region_name,116,SK
cms_src,1,skill,region_name,117,SK
cms_src,1,skill,region_name,118,SK
cms_src,1,skill,region_name,119,SK
cms_src,1,skill,region_name,120,SK