data_src,acd,profile_key,profile_attribute,profile_id,profile_value
cms_src,1,skill,team_name,101,Sparta
cms_src,1,skill,team_name,102,Sparta
cms_src,1,skill,team_name,103,Sparta
cms_src,1,skill,team_name,104,Sparta
cms_src,1,skill,team_name,105,Sparta
cms_src,1,skill,team_name,106,Rapid
cms_src,1,skill,team_name,107,Rapid
cms_src,1,skill,team_name,108,Rapid
cms_src,1,skill,team_name,109,Rapid
cms_src,1,skill,team_name,110,Rapid
cms_src,1,skill,team_name,111,Honved
cms_src,1,skill,team_name,112,Honved
cms_src,1,skill,team_name,113,Honved
cms_src,1,skill,team_name,114,Honved
cms_src,1,skill,team_name,115,Honved
cms_src,1,skill,team_name,116,Dynamo
cms_src,1,skill,team_name,117,Dynamo
cms_src,1,skill,team_name,118,Dynamo
cms_src,1,skill,team_name,119,Dynamo
cms_src,1,skill,team_name,120,Dynamo